id,idea
id,idea
1,AI Business Chatbot Builder for Small Businesses with Automation Hooks
2,Actionuity Integration Consulting for AI System Deployment
3,AI-Enhanced Blog & Article Generation Studio for Thought Leaders
4,E-Commerce Content Automation: Product Descriptions + Social Copy Engine
5,Personal AI Assistant Engine for Task Routing + Productivity Automation
6,AI Language Learning Companion with Adaptive Dialogue Coaching
7,AI Writing Enhancement Engine for Clear, Persuasive Communication
8,AI Resume & Career Materials Generator with Market Positioning Logic
9,Automated Transcription + Summary Intelligence Service
10,AI Multilingual Translation Engine for Global Content Expansion
11,AI Academic Integrity Checker and Content Authenticity Validator
12,AI Trivia + Knowledge Game Generator with Dynamic Difficulty Scaling
13,Personalized Mental Wellness AI Support Companion
14,AI Dating Conversation Coach + Profile Optimization Engine
15,AI Language Exchange Matching System with Smart Partner Recommendations
16,AI Shopping Advisor with Real-Time Product Scoring + Comparison
17,AI Poetry + Creative Writing Generator for Artists & Brands
18,AI News Summarization Intelligence Engine for Information Overload Relief
19,AI Language Assessment Tool for Testing Fluency & Comprehension
20,AI Legal Information Assistant for Document Understanding & Risk Clarity
21,AI Travel Concierge for Trip Planning, Insights, and Local Recommendations
22,AI Storytelling Engine for Creative Narratives + Social Content
23,AI Creative Writing Prompt Generator for Authors
24,AI Recipe Generator for Custom Diets + Nutrition Constraints
25,AI Writer Feedback System for Style, Structure, and Clarity
26,AI Personal Finance Advisor for Budgeting & Investment Education
27,AI Productivity Assistant for Reminders, Planning, and Execution
28,AI Interior Design Advisor with 3D Visualization Suggestions
29,AI Legal Document Drafting Assistant for Templates & Simple Forms
30,AI Music Composition Generator for Creators + Media Teams
31,AI Personalized Gift Recommendation Engine for Any Occasion
32,AI Life Coach Assistant for Personal Strategy + Accountability
33,AI Meditation + Mindfulness Content Generator
34,AI Art Generator for Branding Assets + Creative Exploration
35,AI Fitness Planning + Workout Recommendation Engine
36,AI Mental Health Support Navigator (non-clinical guidance)
37,AI Fashion Style Advisor with Outfit Optimization Logic
38,AI Social Media Manager for Content Generation + Scheduling
39,AI Writing Competition Generator + Automated Judging Criteria
40,AI Dialogue Writer for Scripts, Characters & Storytelling
41,AI Nutrition Planner with Personalized Dietary Recommendations
42,AI Voice Acting + Vocal Performance Feedback Engine
43,AI Voice Assistant Builder for Custom Tasks + Automations
44,AI Interview Prep Engine: Questions, Analysis, Coaching
45,AI Chatbot Training Simulator for Students + Entrepreneurs
46,AI Comic Script Generator for Artists + Writers
47,AI Genealogy + Family History Support Assistant
48,AI Scriptwriting Assistant for Film + TV Projects
49,AI Horoscope + Personality Insight Generator
50,AI Career Advisor for Job Alignment + Personalized Pathways
51,AI Speech Writer + Rhetoric Optimization Tool
52,AI Short Story Generator for Authors + Educators
53,AI Strategy Advisor for Business Growth + Marketing Clarity
54,AI Language Comprehension Game for Students
55,AI Travel Itinerary Builder with Smart Constraints
56,AI Research Assistant for Topic Summaries + References
57,AI Game Design Feedback Assistant
58,AI Book Recommendation Engine Based on Personality Profiles
59,AI Public Speaking Coach for Confidence + Delivery
60,AI Investment Insight Advisor with Market Summaries
61,AI Home Renovation Advisor for Design + Budget Guidance
62,AI Career Coach for Skills Mapping + Resume Gaps
63,AI Copywriting Assistant for High-Conversion Marketing Materials
64,AI Ghostwriting System for Blogs, Books, Speeches
65,AI Language Exchange Platform With Adaptive AI Coaching
66,AI Speech Recognition + Transcription Engine
67,AI Voiceover Generator for Content Creators
68,AI Mental Health Triage Assistant for Resource Navigation
69,AI Customer Support Chatbot Builder for Small Businesses
70,AI Chatbot Customization Studio for Brand Personality
71,AI Tutoring Assistant for On-Demand Student Support
72,AI Language Assessment Tool for Listening + Speaking
73,AI Fashion Design Generator for Creative Studios
74,AI Time Management Coach with Habit Optimization
75,AI Interview Scheduler + Candidate Coordination Tool
76,AI Personality Quiz Engine for Brands + Creators
77,AI Journaling Assistant for Mental Health + Reflection
78,AI Content Moderation Engine for Communities + Platforms
79,AI SEO Assistant for Keyword Strategy + Content Planning
80,AI Resume Reviewer + Feedback Engine
81,AI Business Plan Generator (Actionuity Edition)
82,AI Image Recognition Tool for Brands + Ecommerce
83,AI Project Management Assistant for Teams
84,AI Influencer Growth Assistant for Content Optimization
85,AI Personalized Music Playlist Generator
86,AI Survey Generator + Analysis Tool
87,AI Text-to-Speech Engine for Voiceovers
88,AI Stock Prediction Insight Tool (Educational Only)
89,AI Tech Support Assistant for Troubleshooting
90,AI Educational Content Generator for Teachers
91,AI Digital Art Marketplace Creator Tool
92,AI Sustainability + Environmental Lifestyle Advisor
93,AI Interpretation Assistant for Live Translation
94,AI Workout Video + Routine Generator
95,AI Job Search Assistant with Personalized Matches
96,AI Chat Moderation System for Organizations
97,AI Handwriting Analysis Tool for Personality Mapping
98,AI Event Planning Assistant with Smart Budgeting
99,AI Recipe Personalization + Chef Assistant
100,AI Sound Effects Generator for Films + Games
101,AI Pronunciation Coach for Language Learners
102,AI Music Recommendation Engine
103,AI Stock Simulation Trainer for Learning Investing
104,AI Social Media Analytics Tool for Insights
105,AI Personalized Weather Insight Generator
106,AI Chatbot Personality Designer for Brands
107,AI Writing Accountability Partner
108,AI Personality Assessment Engine for Development
109,AI Audio Mixing + Mastering Assistant
110,AI Financial Literacy Learning Tool
111,AI Logo Design Generator for Businesses
112,AI Ingredient-Based Recipe Generator
113,AI Mental Health Support Group Facilitator (AI-assisted)
114,AI Video Editing Assistant for Creators
115,AI Book Writing Assistant + Outline Generator
116,AI Language Immersion Coach
117,AI Logo Recognition Engine for Brand Tracking
118,AI Conversation Starter Generator for Social Settings
119,AI Financial Planning Assistant with Budget Strategy
120,AI Video Captioning + Transcription System
121,AI Fashion Trend Forecasting Tool
122,AI Personal Finance Management App
123,AI Voice Cloning Studio (Ethical/Consent-Based)
124,AI Travel Planner + Booking Assistant
125,AI Virtual Mentorship Matching Tool
126,AI Sentiment Analysis System for Reviews + Feedback
127,AI Personality Test Generator for Teams
128,AI Symptom Checker + Medical Education Assistant
129,AI Video Compression + Optimization Tool
130,AI Travel Guide Generator with Local Insights
131,AI Interview Training + Question Feedback Engine
132,AI Plagiarism Checker for Creative + Academic Uses
133,AI Book Collaboration Assistant
134,AI Stress Management Coach
135,AI Audio Transcription for Media Teams
136,AI Sports Training Plan Generator
137,AI Business Analytics + Dashboard Insights Assistant
138,AI Email Marketing Assistant for Campaign Optimization
139,AI Personalized News Feed Generator
140,AI Mental Health Check-In + Assessment Tool
141,AI Customer Feedback Analysis Engine
142,AI Meditation Script Generator
143,AI Virtual Tour Guide Generator
144,AI Image Editing Assistant
145,AI Podcast Recommendation Engine
146,AI Language Barrier Assistant for Real-Time Conversations
147,AI Product Recommendation + Review Ranking Engine
148,AI Virtual Interior Design Tool for Home + Business
149,AI Social Network Analysis Engine
150,AI Personal Branding Strategy Assistant
151,AI Personalized Diet Plan Generator
152,AI Dispute Resolution Assistant
153,AI Real-Time Translation System
154,AI Home Decor Recommendation Engine
155,AI Collaboration Assistant for Projects
156,AI Personal Shopping Assistant
157,AI Study Plan Generator
158,AI Crisis Management Support Assistant
159,AI Visual Search Engine
160,AI Skin Care Routine Generator
161,AI Teletherapy Session Support Assistant
162,AI Customer Service Training Simulator
163,AI Study Group Matching Tool
164,AI Remote Team Collaboration Assistant
165,AI Email Response Generator for Businesses
166,AI Beauty Product Recommendation Engine
167,AI Coaching Session Planner + Assistant
168,AI Content Analysis Engine for Brands
169,AI Meal Delivery Customization Engine
170,AI Online Course Builder Assistant
171,AI News Summarization Tool for Readers
172,AI Fitness Tracking + Progress Analyzer
173,AI Online Language School Assistant
174,AI Customer Feedback Analyzer
175,AI Packing List Generator for Travelers
176,AI Crisis Intervention Support Chat Assistant
177,AI Content Recommendation Engine for Readers
178,AI Book Club Matching Tool
179,AI Writing Workshop Facilitator
180,AI Image Search Assistant
181,AI Investment Opportunity Matching Engine
182,AI Language Exchange Platform
183,AI Resume Builder (Advanced Matching Edition)
184,AI Productivity Plan Generator
185,AI Mentorship Matching + Support Engine
186,AI Voice Recognition Assistant
187,AI Fashion Styling Intelligence System
188,AI Remote Education Tutor Assistant
189,AI Speech Recognition for Business
190,AI Smart Home Automation Advisor
191,AI Personal Trainer + Health Companion
192,AI Customer Engagement Tool
193,AI Online Tutoring Assistant
194,AI Legal Support Chat Assistant
195,AI Voiceover Studio for Content Creators
196,AI Job Search Matching Algorithm Assistant
197,AI Business Networking Connector
198,AI Speech Synthesis Studio
199,AI Home Cleaning + Organization Planner
200,AI Legal Consultation Assistant
201,AI Chatbot Development Toolkit
202,AI Personalized Playlist Generator
203,AI Writing Assistant Service
204,AI Image Recognition Tool for Media Teams
205,AI Career Development Planner
206,AI Remote Mental Health Therapy Assistant
207,AI Image Manipulation Assistant
208,AI Sleep Tracking + Insight Engine
209,AI Legal Research Assistant
210,AI Customer Segmentation Tool
211,AI Home Security Recommendation Engine
212,AI Marketing Strategy Advisor
213,AI Product Design Recommendation Engine
214,AI Goal Tracking Assistant
215,AI Event Planning Assistant
216,AI Customer Behavior Analysis Engine
217,AI Home Renovation Recommendation Engine
218,AI Financial Planning Advisor
219,AI Speech-to-Text Productivity Tool
220,AI Self-Care Recommendation Assistant
221,AI VR Training Content Generator
222,AI Data Analysis Assistant
223,AI Mental Health Resource Generator
224,AI Remote Graphic Design Service Assistant
225,AI Customer Retention Intelligence Tool
226,AI Home Energy Management Advisor
227,AI Real Estate Support Assistant
228,AI Predictive Analytics Engine
229,AI Gardening Recommendation Engine
230,AI Remote Design Consultation Assistant
231,AI Customer Satisfaction Survey Generator
232,AI Nutrition Tracking Assistant
233,AI Art Instruction AI Tutor
234,AI Customer Churn Predictor
235,AI Home Workout Planner
236,AI Remote Bookkeeping Assistant
237,AI Marketing Automation Engine
238,AI Financial Literacy Resource Generator
239,AI Public Speaking Course Assistant
240,AI Competitive Analysis Tool
241,AI Financial Planning Generator
242,AI Entrepreneurship Course Assistant
243,AI Content Marketing Strategy Engine
244,AI Mental Health Journaling Assistant
245,AI VR Training Platform Support Tool
246,AI Customer Sentiment Analysis Engine
247,AI Career Assessment Generator
248,AI Remote Social Media Manager
249,AI Sentiment Analysis for Writing + Content
250,AI Sleep Improvement Recommendation Engine
251,AI Copywriting Service Assistant
252,AI Customer Lifetime Value Calculator
253,AI Stress Management Recommendation Engine
254,AI Remote Software Development Assistant
255,AI Data Visualization Assistant
256,AI Meditation Recommendation Engine
257,AI Music Instruction Assistant
258,AI Keyword Research Assistant
259,AI Fashion Trend Analysis Engine
260,AI Web Development Assistant
261,AI Social Media Sentiment Analyzer
262,AI Time Management Recommendation Engine
263,AI Photography Instruction Assistant
264,AI Customer Feedback Management Assistant
265,AI Beauty Trend Analysis Engine
266,AI Video Production Assistant
267,AI Predictive Maintenance Assistant
268,AI Writing Improvement Recommendation Engine

